Nothern Isle,900
Willow HTM,1624
Willow HTM Reverse,1624
Lago Center,1706
Lago Center Reverse,1706
Brands Hatch Indy,1944
Kyoto Miyabi,1953
Kyoto Miyabi Reverse,1953
Lago East End,2010
Lago East End Reverse,2010
Tsukuba,2045
Alsace Test,2118
Alsace Test Reverse,2118
Suzuka East,2243
Red Bull Ring Short,2336
Lago West End ,2444
Lago West End Reverse,2444
Sardegna C,2661
Sardegna C Reverse,2661
Streets of Willow,2675
Streets of Willow Reverse,2675
Blue Moon Infield B,2860
Blue Moon Infield B Reverse,2860
Barcelona National,2977
Autopolis Short,3022
Blue Moon Bay Full,3200
Blue Moon Bay Full Reverse,3200
Blue Moon Infield A,3350
Blue Moon Infield A Reverse,3350
Laguna Seca,3602
Lago East,3643
Lago East Reverse,3643
Goodwood,3809
Sardegna B,3893
Sardegna B Reverse,3893
Watkins Glen Short,3942
Brands Hatch GP,3946
Willow Springs,3951
Daytona,4023
Lago West,4168
Lago West Reverse,4168
Deep Forest,4253
Deep Forest Reverse,4253
Interlagos,4309
Red Bull Ring,4318
High Speed RIng,4345
High Speed Ring Reverse,4345
Dragon Trail Gardens,4352
Dragon Trail Gardens Reverse,4352
Tokyo Central,4369
Tokyo Central Clockwise,4405
Fuji Short,4526
Fuji,4563
Barcelona,4655
Autopolis,4674
Barcelona No Chicane,4730
Kyoto Yamagiwa,4912
Kyoto Yamagiwa Reverse,4912
Sardegna A,5113
Sardegna A Reverse,5113
NurGP,5148
Tokyo South Clockwise,5201
Dragon Trail Seaside,5209
Dragon Trail Seaside Reverse,5209
Alsace,5423
Alsace Reverse,5423
Watkins Glen,5423
Trial Mountain,5434
Trial Mountain Reverse,5434
Daytona Infield,5729
Monza w/,5755
Monza,5793
Suzuka,5807
Lago Maggiore,5809
Lago Maggiore Reverse,5809
Mount Panorama,6213
Tokyo South,6560
Kyoto Y+M,6846
Kyoto Y+M Reverse,6846
Spa,7004
Spa 24h,7004
St.Croix B,7062
St.Croix B Reverse,7062
Tokyo East,7192
Tokyo East Clockwise,7301
St.Croix A,9477
St.Croix A Reverse,9477
St.Croix C,10825
St.Croix C Reverse,10825
La Sarthe No Chicane,13567
La Sarthe,13629
Nordschleife,20832
Nur24,25376
SSR X,30000
